Hours_Coding,Lines_of_Code,Bugs_Found,Bugs_Fixed,AI_Usage_Hours,Sleep_Hours,Cognitive_Load,Coffee_Intake,Stress_Level,Task_Duration_Hours,Commits,Errors,Task_Success_Rate
7,416,9,7,6,5.9,92,7,99,10.5,20,3,34
4,269,16,13,5,5.1,85,2,100,9.5,17,8,36
11,439,3,0,2,6.2,38,2,55,18.3,35,2,79
8,472,15,9,4,4.2,26,5,30,12.6,28,4,94
5,265,19,16,5,8.1,82,6,82,7,25,9,33
7,196,14,12,0,8.1,61,1,72,6.4,21,8,39
10,516,4,3,6,6.9,61,0,66,5.1,16,5,56
3,234,5,1,6,5.8,78,2,86,2.9,15,2,40
7,440,16,13,6,8,39,3,43,10.6,20,9,75
11,297,0,0,0,6.8,92,0,100,13.9,11,8,30
11,715,18,13,0,8.1,36,3,53,15.4,22,5,73
8,528,3,0,0,7.2,46,7,62,19.7,16,3,63
5,190,16,14,0,7.9,66,3,83,6,10,3,39
4,314,8,7,6,7,21,0,30,5.6,10,7,92
8,534,1,0,6,6.1,82,0,100,6.1,14,6,42
8,312,7,7,1,8.8,81,6,88,4.8,33,0,30
3,221,14,11,5,6.7,38,3,40,6.2,8,5,82
6,336,6,6,4,7,36,1,40,9.8,22,7,78
5,255,5,0,2,5.1,88,6,95,10.1,12,2,30
2,236,0,0,6,7.1,58,4,76,1.6,14,8,56
8,612,14,10,2,6.9,90,5,100,13.1,10,9,30
6,393,6,2,5,4.9,58,4,75,6,17,1,61
2,190,16,15,5,4.3,55,1,55,1.9,7,5,57
5,369,1,0,2,7,59,6,73,2.6,22,0,51
1,224,8,4,6,7.8,64,5,81,0.8,7,1,62
10,600,8,2,2,6.6,23,6,30,11.2,12,4,85
6,369,12,8,1,5.1,44,0,59,4.4,13,0,63
9,696,5,3,3,7.3,88,5,100,22.2,30,7,30
1,246,5,1,6,4.4,49,7,63,1.1,7,0,71
11,510,19,14,6,6.2,87,3,92,8.4,50,8,30
11,546,19,15,4,4.8,48,4,56,9.9,15,9,62
10,430,2,0,0,4.9,92,5,98,16.8,10,2,30
3,177,16,16,3,5,87,3,100,1.9,12,1,30
7,507,16,14,5,5.9,70,6,80,15.6,19,0,56
4,410,11,10,6,4.3,43,1,58,9.7,22,8,71
9,669,15,15,2,6,33,5,38,8.9,20,3,75
3,159,14,11,3,6.6,88,3,100,4.2,9,0,30
5,392,12,10,4,6.4,37,6,56,2.7,14,0,84
3,317,0,0,5,5.9,61,6,76,5.3,8,6,53
7,413,16,14,0,8.2,76,6,87,9.3,21,1,30
5,265,2,0,0,4.7,31,1,47,5.2,5,6,70
9,455,14,11,4,6.5,36,0,40,8.2,40,6,78
7,571,3,0,4,4.3,49,1,61,12.7,25,9,64
2,92,3,0,2,4.4,94,1,100,2.7,6,8,30
4,234,17,16,6,6.9,42,7,46,3.4,18,6,84
9,486,16,12,0,6.8,20,4,31,16.9,36,0,80
2,140,18,16,5,8.4,51,6,59,3.3,7,7,62
10,607,10,4,3,6.8,28,3,30,22.2,13,7,85
9,582,19,15,5,8.8,34,5,36,6.6,23,3,87
10,454,2,0,1,4.2,47,4,47,20.7,11,7,66
5,316,7,2,1,4.5,43,6,60,9.2,6,3,61
2,180,13,10,4,4.2,79,2,90,1.5,12,7,33
4,230,0,0,2,4.9,54,1,62,7.6,14,4,51
7,495,13,8,1,6.7,46,2,54,9.7,8,3,54
8,352,1,1,0,7.2,39,6,56,19.1,32,5,67
3,269,3,0,5,4.2,84,4,100,2.3,17,1,40
1,211,18,12,5,8.7,68,3,74,1.8,7,1,51
4,344,5,4,4,8.2,20,4,30,5.1,20,1,100
2,318,0,0,6,5.5,29,7,41,4.8,10,8,94
8,578,16,10,6,4.4,66,3,82,9.3,14,9,54
4,372,7,6,3,4.8,78,3,79,9.7,11,2,30
2,216,18,12,4,4.6,81,6,94,4.6,12,9,32
6,282,0,0,3,4.6,37,0,39,6.2,21,3,73
6,528,4,1,6,6.6,65,6,69,12.6,24,9,61
10,716,15,15,4,5.2,51,1,64,24.9,14,7,57
4,260,5,2,4,5.8,46,4,48,4,8,3,70
6,430,7,7,4,8.9,37,3,43,8.2,22,9,78
2,318,12,6,6,7.4,58,6,75,3.1,10,9,70
10,432,15,10,3,8.7,68,6,80,10.9,13,6,44
2,144,2,0,3,4.7,63,4,72,1.1,11,4,56
10,786,18,12,4,5.9,91,4,100,9.4,14,8,30
4,199,11,11,1,6.8,73,7,88,4.3,9,3,34
8,586,15,15,2,4.4,53,3,61,11.1,10,2,61
7,453,10,10,6,4,90,5,91,5.9,34,1,34
9,423,9,3,2,7.4,55,7,59,20.2,38,0,52
8,530,19,18,2,7.2,37,2,53,15.3,34,5,78
5,400,3,0,3,6.1,57,1,60,3.4,13,9,62
2,133,11,10,3,6.4,78,1,94,3.6,7,1,33
5,194,1,0,1,6.1,28,5,36,9,21,7,79
8,504,18,12,2,4.1,92,0,100,19.3,34,5,30
10,574,4,4,2,5.7,91,7,92,5.1,22,4,30
9,591,7,2,4,4.9,70,5,87,9,22,1,50
9,726,6,1,3,4.5,54,0,64,21.2,21,6,50
1,98,13,11,2,8.8,24,0,36,2.4,5,1,92
9,502,2,0,5,7,33,5,40,17.5,23,4,86
7,300,17,12,1,7.6,49,1,49,14.2,29,1,51
9,374,15,9,5,5.6,23,2,39,6.1,32,9,91
8,558,18,18,5,6,58,1,69,12.2,21,1,60
1,149,18,18,6,5.2,83,6,86,1,10,6,40
8,622,17,12,6,4.5,44,1,56,6.9,14,8,84
8,571,19,18,1,4.9,47,1,55,17,25,4,52
11,800,15,11,5,8,85,7,91,8.5,49,6,36
3,180,7,7,2,7.4,41,5,45,4.3,5,3,65
1,174,0,0,3,6.7,50,5,54,2.4,7,1,64
8,422,16,16,1,6.4,42,6,58,7,17,2,63
3,200,11,6,4,8.6,67,6,75,7.4,10,1,51
3,168,10,6,5,4.4,39,7,44,7.5,8,4,72
1,87,4,0,1,5.4,57,5,75,1.6,3,5,49
11,330,11,9,0,5.7,74,1,89,9.2,44,6,35
5,205,16,11,0,7.9,87,2,88,5.7,5,2,30
10,580,5,0,6,9,20,0,30,13.5,46,3,93
7,427,0,0,3,5.2,26,4,41,7.8,31,7,87
10,282,4,0,2,8.4,76,0,80,10.6,42,3,30
9,579,13,7,3,8.2,31,6,45,22,21,6,84
7,502,4,0,3,5.1,24,6,36,5.6,17,5,87
9,297,0,0,3,6,69,0,81,17.7,39,6,39
8,236,17,15,3,6,61,4,73,4,27,0,43
2,272,15,11,4,8.9,31,1,45,3.4,12,2,90
1,204,8,8,4,4.9,37,2,50,2.3,8,5,75
7,642,18,12,6,8,85,2,92,7.5,13,2,39
7,493,4,0,1,5.7,93,0,100,6.1,29,6,30
8,376,1,0,0,7.7,36,4,53,14.4,16,8,71
5,398,14,11,3,6.1,87,7,90,9.6,8,2,30
3,183,6,1,6,6.9,90,6,99,5.6,15,0,33
8,311,3,0,1,8.2,81,3,81,9.1,9,9,30
6,162,0,0,0,8,60,1,64,6,18,5,42
11,558,12,11,5,8.3,53,7,65,26.5,16,0,61
3,202,19,19,2,4.3,89,0,89,7,5,0,30
1,106,6,0,4,7.5,64,2,71,1.4,7,7,50
3,264,14,14,5,4.7,77,6,79,6.6,11,8,42
5,170,13,12,0,6.1,70,7,72,7,10,1,30
3,233,18,17,5,6.7,53,7,59,4,11,8,65
1,74,19,13,2,6,63,5,66,0.8,3,4,40
5,505,17,13,6,6.6,34,5,36,6.8,26,7,85
10,250,9,8,0,9,89,4,100,15.7,10,6,30
7,313,8,5,5,4.7,69,4,76,3.8,33,6,43
7,480,7,2,4,7.4,51,0,53,9.7,32,3,69
11,404,9,4,4,6,86,7,92,22.7,26,1,30
9,640,16,14,1,4.7,22,3,39,16.7,37,4,89
10,560,1,0,5,4.8,93,2,100,17.7,15,2,30
10,358,5,4,3,8.7,70,0,80,23.2,13,8,49
3,202,4,1,5,8.4,86,3,100,1.6,11,5,31
7,568,8,8,6,8.5,67,6,72,11.3,27,0,52
1,67,4,4,0,9,36,4,43,2.1,1,2,69
4,244,17,12,0,5,26,5,30,6.3,16,3,71
4,322,19,14,6,5.8,32,1,41,4.6,10,8,97
5,350,8,4,5,7.3,85,7,100,3.9,10,5,38
7,601,16,10,6,6.4,23,6,30,15.9,13,3,95
7,562,16,13,2,6.1,29,5,32,10.1,23,0,79
11,782,11,5,6,5.8,36,2,46,24.8,50,7,81
4,212,6,0,4,7,71,2,85,6.7,12,1,43
7,474,2,0,6,6.9,25,5,30,12.9,13,7,89
11,748,9,3,0,4.8,88,6,96,23.2,44,5,30
3,284,1,0,4,6.4,93,5,100,5.5,16,7,30
6,228,2,0,0,6.8,28,3,46,7.8,12,5,83
2,67,15,12,1,6.9,40,0,52,3.1,3,4,58
10,414,1,0,3,5.1,43,4,58,21.1,33,4,75
9,549,9,9,0,7.7,23,3,30,11.2,36,9,85
5,264,5,3,4,4.1,43,1,43,6.4,14,9,79
6,318,10,8,1,5.8,78,5,97,4.1,19,7,30
4,212,6,3,0,7.9,22,1,34,9.3,16,6,73
11,341,14,11,2,6.8,87,1,87,7.5,13,7,30
10,848,5,3,6,5.3,59,3,63,18,46,7,66
7,303,19,18,3,7.5,67,4,71,9.3,24,6,41
9,549,8,5,0,6.8,73,6,86,11.8,27,1,31
7,224,19,15,1,8,54,2,67,13,8,8,49
1,131,11,7,2,7.7,75,0,82,0.6,3,6,38
1,233,18,18,5,7.1,59,7,62,1.7,7,5,51
9,359,19,13,1,6.4,87,2,93,18.4,10,8,30
11,906,2,0,6,4.7,65,4,84,23.7,28,0,61
9,433,14,13,1,5.3,32,7,50,7.6,28,1,73
4,262,1,1,2,6.1,46,2,60,9.2,14,0,64
9,645,1,0,1,7,25,5,30,16.3,37,9,81
3,234,2,0,2,6.6,36,5,54,6.8,14,2,81
7,343,5,1,0,5.4,55,3,63,10.3,14,4,48
6,404,14,9,2,4,21,1,33,9.5,8,0,82
8,558,9,8,2,6.5,71,7,84,18.7,10,3,40
11,665,8,3,3,5.4,85,4,98,25.3,47,7,30
9,667,0,0,2,7.7,71,4,80,12.6,29,5,39
5,297,15,9,2,4.1,62,2,77,5.2,12,0,55
1,198,5,0,5,6.9,41,3,45,1.3,8,0,85
3,186,8,3,0,8.7,74,2,79,3.8,9,2,31
10,560,3,0,6,4.9,86,2,87,10.7,16,9,30
8,493,1,0,3,6.4,79,4,91,8.3,19,7,31
11,879,3,0,5,4.5,77,2,89,24.4,38,7,46
6,384,0,0,4,7.1,31,1,49,3.8,28,2,82
8,528,18,15,0,6.8,88,2,100,14.8,32,6,30
9,288,9,5,0,6,58,7,76,7.6,9,2,37
4,296,14,13,4,6.6,32,1,32,4.8,20,3,78
1,175,18,15,6,8.5,60,4,67,0.6,10,8,64
1,118,15,11,2,5,76,3,91,1,5,3,30
10,585,3,2,5,4.1,72,5,73,20.4,45,2,50
4,268,1,0,1,8.3,31,7,38,9.1,17,4,72
7,545,12,10,3,6.9,32,1,37,6.6,24,6,82
2,73,0,0,1,8.5,93,3,100,2.9,3,4,30
3,210,16,10,4,7,76,3,86,4.3,7,3,46
1,58,12,10,0,8.1,59,1,75,2.2,2,7,42
5,185,3,0,6,6.1,64,4,82,10.1,26,3,59
1,50,6,6,0,7.7,54,0,64,1.5,3,1,41
8,632,16,10,3,8.6,22,3,30,14.7,19,9,88
1,34,8,4,0,6.9,24,3,30,2.2,1,5,82
11,594,3,2,0,4.9,30,4,40,5.7,11,1,71
1,144,18,12,3,5.3,90,4,97,1.3,6,2,30
2,202,0,0,5,5,75,2,83,4.6,9,0,44
2,250,9,7,5,5.2,29,4,30,4,9,4,96
6,324,3,0,3,5.5,53,3,68,9.5,21,8,58
7,586,8,7,6,6.8,86,1,91,10.9,27,1,35
5,264,12,8,4,6.9,91,0,100,6,14,6,30
1,51,13,13,0,6.1,50,6,57,1.5,1,4,46
1,140,9,7,6,7.1,94,2,100,1.8,10,1,31
3,147,5,0,0,4.4,90,6,100,4,3,7,30
2,144,15,14,4,4.4,85,1,96,3.9,10,5,30
5,405,5,0,5,4.9,89,0,93,11.1,15,3,32
10,412,16,15,6,6.6,60,0,78,8.1,26,3,69
6,342,9,8,2,5.1,82,0,99,8.4,26,1,30
7,415,17,13,2,5.4,51,5,59,9.2,16,2,62
4,232,17,13,2,6,39,1,40,7.5,18,6,76
7,426,2,0,5,8.1,76,7,95,7,12,2,41
11,499,19,13,5,4.1,69,2,80,19.6,16,4,55
8,692,14,11,4,7.2,44,2,45,18,20,9,63
11,550,14,13,0,7.3,31,0,40,14.7,22,5,73
1,120,3,1,4,8,90,1,90,2.3,7,5,30
6,332,8,3,4,8.7,58,5,61,14.9,22,3,53
8,380,18,14,5,4.1,36,0,47,5.7,21,5,82
5,243,16,10,2,4.8,64,4,72,4.8,12,2,44
4,251,10,6,1,8.4,30,7,33,9.6,5,6,83
2,130,8,3,0,6.3,89,6,97,4.8,4,6,30
6,464,9,4,5,6.8,42,2,47,4.2,23,3,80
6,288,17,16,2,7.3,89,6,89,3.2,8,1,30
11,501,19,15,6,7.4,57,3,66,9,50,6,60
1,72,12,7,1,8.7,21,0,34,2.5,4,2,92
9,527,7,4,1,9,91,4,100,7.7,28,0,30
11,870,6,3,5,7.6,56,2,61,16.6,16,1,58
6,294,16,12,3,5.4,68,6,85,13.2,27,9,48
3,84,14,8,0,8.4,71,7,90,1.6,9,8,34
4,260,19,14,1,4.2,52,5,67,6.8,9,7,48
11,772,14,13,5,5.2,41,1,55,11.6,38,5,83
4,297,0,0,5,8.5,24,2,39,8.9,9,5,92
3,244,13,7,2,5.3,37,7,44,3.2,5,0,70
10,526,4,3,6,5.1,57,6,69,18.7,16,1,61
3,159,10,10,3,4.7,56,1,66,5.5,12,3,50
3,174,15,11,0,8.3,83,6,89,2.8,12,2,30
4,280,1,0,4,6.5,29,1,45,2.3,12,0,84
7,397,7,4,6,7.4,61,5,78,9.2,13,7,56
4,416,10,5,6,5.2,67,5,85,4.3,22,6,53
9,501,17,15,2,7.8,63,0,75,19.1,20,3,54
1,61,2,0,1,7.8,35,0,49,2.1,2,8,63
8,594,0,0,1,5.6,73,2,73,11.3,17,3,38
7,313,10,9,2,6.1,54,5,69,12,16,0,63
2,165,15,13,5,5,47,4,51,3.4,13,9,72
8,404,17,15,1,8.9,21,6,30,17.2,17,0,88
1,163,15,15,3,7.2,32,6,41,1.4,4,0,87
11,539,9,6,0,8.7,60,6,78,11.6,44,0,48
9,639,17,11,6,5.5,78,2,82,9.3,33,3,50
9,429,5,2,6,7.9,88,6,94,14.2,33,0,32
2,89,18,18,3,7.8,72,3,85,2.8,11,1,41
7,289,3,3,1,7.5,64,1,66,9.7,22,3,50
10,412,12,10,6,8.8,39,6,51,6.8,26,6,89
3,161,13,9,4,6,43,7,55,5.8,7,1,80
7,315,2,0,0,4.7,80,1,89,6.5,14,7,30
10,430,9,4,0,7.4,77,0,78,8.9,40,6,30
9,705,5,3,6,7.6,46,6,51,11.9,15,8,72
4,274,0,0,2,6.9,45,7,52,3.8,18,5,61
1,183,13,13,6,5,26,4,30,1.7,10,3,95
2,200,7,4,2,6.5,61,7,72,2.5,10,5,43
1,179,18,13,6,5.6,66,5,80,1.4,8,3,58
5,460,13,7,4,6.1,72,5,79,7.9,9,6,46
5,460,9,7,5,7.2,78,0,84,4.5,10,8,48
11,550,16,12,0,7.7,57,3,70,8.9,11,2,52
7,419,8,6,6,5.2,88,2,100,15.8,20,2,33
9,579,5,4,4,6,72,2,85,12.3,31,1,41
9,372,10,8,2,5.3,34,4,46,11.9,20,0,76
3,150,6,6,2,5,45,0,45,1.7,8,0,71
3,102,16,13,0,7.9,67,0,85,4.5,12,2,39
3,117,0,0,3,8.5,38,3,38,4.8,6,6,72
4,396,4,0,6,5.9,28,6,31,6.5,10,8,99
8,242,8,3,1,7.8,83,2,92,15.3,25,1,30
6,356,17,17,2,8.5,73,6,75,5.1,20,6,39
8,565,1,0,5,8.2,70,0,89,8,37,0,50
1,237,10,10,5,4.9,58,6,66,2.1,6,1,54
8,228,5,3,2,8.8,23,5,30,19.2,26,5,79
4,171,7,7,3,5.9,22,4,30,3.1,15,4,87
11,668,3,3,3,5.7,83,2,88,16.4,14,7,30
1,137,17,11,4,4.3,48,3,59,0.9,6,1,74
8,505,10,9,5,6.4,30,4,30,5,29,0,87
4,292,4,2,4,4.5,77,1,92,4.6,8,6,40
6,356,14,10,5,5.2,94,5,98,4.7,23,5,30
8,442,17,11,6,5.6,46,3,54,15.4,38,7,78
4,460,1,0,6,8,40,7,49,6.3,18,7,78
3,214,10,4,1,8.4,58,4,70,2.4,4,1,44
9,531,12,9,6,5.5,65,0,79,4.7,33,7,56
3,233,3,0,1,8.3,85,1,96,6.3,13,5,30
9,768,6,1,6,8.3,55,3,59,7.7,42,8,71
2,78,10,10,0,7.8,94,0,98,3.4,6,6,30
2,230,3,0,6,4.7,84,5,100,2.3,12,1,42
2,242,14,13,4,7.5,82,7,93,3.3,12,7,31
6,254,0,0,2,8.7,54,1,56,6.8,26,8,51
3,256,2,0,4,7.4,50,2,56,2,10,6,58
9,665,13,13,2,5.7,47,7,63,8.5,20,3,64
4,339,5,4,3,6.5,20,0,38,3.5,19,8,91
1,93,17,12,4,7.2,44,4,61,1.4,7,3,63
4,281,0,0,3,6.6,62,6,62,7.3,7,3,53
1,78,5,5,1,4.6,86,3,90,1,4,8,30
5,233,5,0,1,5.6,82,1,83,2.6,16,7,30
4,156,15,14,0,8,70,0,70,6.2,8,3,41
8,608,4,0,6,8.3,21,2,30,13.7,22,7,100
8,520,16,10,4,4.7,83,6,93,19.4,20,7,30
7,296,9,3,3,8.8,93,3,100,11.8,31,6,30
3,181,17,17,2,5.6,88,3,100,4.3,14,9,30
1,43,6,6,1,7.3,28,0,44,1.6,4,5,71
1,231,2,0,6,7.8,21,2,30,2.4,9,7,100
11,441,12,10,1,8.1,53,5,59,23.7,12,6,56
3,192,14,11,2,8.7,79,6,85,3.4,11,4,33
6,414,19,18,6,5.6,80,5,89,5.8,24,3,49
7,532,18,17,6,8.3,50,1,52,7.2,20,1,72
6,273,2,0,3,4.7,29,0,40,9.1,15,7,77
6,273,3,1,3,7.5,55,6,57,11.9,15,8,61
6,450,4,2,4,7.7,68,1,78,9,16,3,50
3,227,0,0,4,7.4,89,7,100,1.9,10,3,34
6,452,3,0,5,5.3,68,5,71,11.7,11,4,45
8,522,11,6,5,8.4,22,7,37,16.9,13,1,97
11,352,9,5,0,4.8,93,7,100,11.9,11,6,30
11,484,19,13,1,4.3,24,6,41,20.1,23,4,79
2,224,12,6,4,7.6,80,3,83,2.7,12,5,32
5,432,13,13,3,6.4,45,1,50,11.4,13,3,67
1,112,4,0,2,8.2,91,7,100,2.2,4,7,30
1,108,3,2,3,5.9,24,2,30,1.6,4,7,81
5,147,13,10,1,4.8,34,4,36,9.4,11,4,67
3,256,9,9,5,8.2,35,5,39,6.8,8,5,79
4,238,16,15,3,6.7,20,5,36,6,11,2,100
3,150,9,8,0,4.9,35,2,48,3.4,9,0,67
1,79,6,1,1,7.6,56,6,64,2,5,8,49
1,144,15,13,5,6.6,22,6,30,0.9,9,8,99
5,241,0,0,2,7,71,6,83,6.4,7,2,37
6,316,16,16,5,6.3,66,1,68,13.4,23,3,46
3,363,8,6,6,8.1,32,0,42,5.8,18,6,95
9,612,5,4,0,8.1,74,7,75,11.8,9,1,30
5,192,18,16,1,7.5,40,3,54,4.6,11,2,73
8,544,12,8,2,4.5,85,4,97,9.7,18,5,30
1,37,2,0,0,8.2,73,0,91,1.1,3,7,37
5,375,6,5,5,7.4,46,0,61,4.3,25,0,79
3,93,8,3,0,7.5,57,2,74,6,6,3,48
1,76,4,4,1,5.8,77,1,83,1,2,0,30
4,376,9,6,4,8.4,81,5,93,5.6,12,1,42
5,300,16,14,0,7.6,65,5,68,6.4,10,7,46
7,410,11,5,6,4.6,30,2,38,17.2,34,5,94
1,28,15,9,0,6,91,1,100,1.3,4,8,30
3,198,2,1,5,8.4,27,2,35,2,8,1,92
2,260,8,5,5,4.2,90,5,96,1.4,11,2,30
9,682,14,11,2,8.8,83,0,97,15.1,29,8,31
10,875,4,0,5,7.4,40,3,47,17,25,8,70
6,438,12,9,3,7.2,91,7,100,8,9,5,30
10,387,13,7,1,5.4,82,6,92,13.6,31,2,30
3,172,19,14,1,5.2,83,1,87,1.8,10,4,30
8,504,14,13,4,8.7,39,7,40,12.3,20,1,74
8,496,15,14,4,5.5,27,4,36,12.1,12,6,89
2,143,12,10,1,7.9,77,4,92,1.6,7,9,37
6,390,16,14,6,6,65,0,77,4.2,30,7,54
7,466,7,5,4,4.7,50,2,57,5.2,32,5,57
2,120,1,0,2,4.1,28,2,36,1.4,6,7,79
11,564,4,0,5,6.7,34,5,44,18.9,27,1,86
10,351,5,0,1,8.9,45,0,55,8.9,21,2,61
2,148,11,5,4,5.8,29,5,44,2,8,6,89
10,699,17,11,1,5.8,48,5,57,8.5,31,9,52
1,158,0,0,3,5.7,55,4,66,2.4,4,0,52
8,384,16,11,0,6.6,56,5,61,17.7,16,6,42
1,180,10,4,5,6.2,90,7,100,1,7,5,32
9,487,9,6,1,8.4,42,6,51,10.4,28,7,65
11,561,18,15,0,6.5,60,5,77,10.1,22,6,39
6,534,13,9,4,6.5,47,4,64,8.9,16,3,66
7,196,9,4,0,4.7,67,6,70,3.8,7,2,43
10,600,14,12,5,8.9,57,2,65,18.4,45,2,53
7,312,18,18,1,5.2,50,1,56,10.8,15,3,59
10,714,3,0,3,4.4,33,3,50,23,33,8,72
3,303,1,0,6,7.3,92,5,99,2.5,9,8,30
2,112,8,8,4,7,48,7,58,4.2,10,1,69
9,461,9,6,1,6.1,70,6,76,18.8,10,4,40
8,446,10,6,5,6.1,68,1,76,6,13,0,43
10,506,13,9,4,7.9,62,4,69,13,24,3,51
7,466,6,5,2,5,91,1,93,5.9,16,1,30
9,306,14,11,0,8.1,24,3,40,9.1,18,7,81
4,336,18,15,6,7.2,61,7,62,4.1,22,3,53
4,301,14,9,5,6.1,26,1,40,6.4,21,4,90
1,83,7,3,2,6.3,61,7,74,1.3,5,3,43
8,573,10,4,1,5.3,55,6,72,19.2,17,4,53
3,219,8,5,3,7.8,46,1,61,2.3,15,4,59
7,543,14,10,4,6.6,77,7,96,17.1,18,4,45
2,90,0,0,0,5.6,65,1,68,1.9,8,2,36
2,234,0,0,4,7,85,1,100,4.1,12,6,34
7,394,18,13,6,9,44,0,49,8.2,13,2,73
6,391,2,1,1,6.2,92,5,97,4.7,13,1,30
3,273,9,3,4,8.6,46,4,56,6.6,10,2,72
9,531,7,3,0,5.7,20,3,36,10.1,36,2,81
10,546,14,11,1,4.3,93,4,95,18.2,21,7,30
6,270,9,6,4,5,61,0,73,9.8,28,3,53
10,692,0,0,3,6.1,71,0,73,14.4,23,2,45
10,400,17,13,5,5.1,44,6,59,14.9,15,9,70
6,228,1,0,1,4,73,0,87,11.8,13,4,30
1,208,18,16,5,8.6,86,5,96,0.7,6,3,32
4,182,12,6,1,8.2,25,0,42,7.3,13,8,83
10,490,0,0,3,7.7,77,1,91,22.9,23,7,32
6,464,1,0,5,4.8,89,4,93,3.7,17,6,30
6,220,15,10,2,4.6,72,2,87,4.7,14,7,35
11,649,14,11,0,4.3,85,3,100,21.3,11,4,30
5,229,12,10,2,7.6,77,0,93,6.9,12,3,34
1,165,15,11,4,8.6,21,4,30,1.3,6,6,96
8,417,16,15,3,6.2,41,6,43,6.2,35,0,69
5,223,6,2,2,4.6,56,0,75,7.6,17,5,46
5,348,16,12,1,6.6,39,5,51,3.8,6,7,62
7,597,6,4,4,5.7,43,0,45,10.2,32,6,69
4,432,12,6,4,5.9,84,0,90,8.1,8,1,39
6,292,4,1,2,7.1,84,7,89,6.1,26,6,30
4,276,16,12,2,7.6,20,7,30,5.8,14,5,87
3,180,2,0,3,4.6,22,0,33,7.5,15,4,90
7,301,6,6,0,4.2,65,6,79,13.1,7,3,30
8,272,16,11,2,9,74,7,93,17.5,18,0,30
4,392,6,0,6,5.2,94,0,96,5.3,14,1,30
2,164,0,0,2,4.3,83,3,92,4.1,8,6,30
10,865,16,15,5,4.9,64,4,64,5.8,15,9,56
3,210,16,11,1,4.2,45,7,63,2.2,4,2,53
1,261,10,9,6,6,84,7,100,0.9,7,4,30
8,810,2,0,6,8,43,5,55,10.4,30,7,82
3,365,14,9,5,5.7,93,0,100,6.6,11,7,30
10,720,10,7,5,6.2,54,0,54,11.9,45,5,56
7,479,15,10,4,7.4,43,0,61,12.7,25,4,66
10,570,8,4,0,6.5,47,0,62,19.2,40,1,56
5,310,0,0,1,8.3,35,7,49,8.4,11,8,76
10,357,15,9,3,8.3,78,1,93,12.1,33,0,42
5,333,8,7,6,4,73,1,83,8.3,16,1,53
7,338,18,14,3,7.9,35,2,40,8.3,31,0,72
9,551,11,9,2,6.3,34,0,44,6,11,3,71
5,204,18,13,2,8.9,30,2,32,12.4,7,3,87
1,176,8,3,3,6.4,84,3,98,0.8,7,4,30
10,718,6,2,2,8.9,87,2,87,6.4,12,4,30
10,280,13,10,0,7.8,62,4,68,22.6,40,7,36
1,217,18,13,5,5.2,88,1,88,1.1,8,2,30
2,92,18,15,2,6.7,32,1,48,3.6,8,5,74
6,230,1,0,4,9,29,0,37,6.9,22,2,90
9,646,8,2,2,8.3,94,7,100,11.5,11,1,30
8,451,12,9,1,4.5,60,0,70,8.2,17,7,44
5,280,14,14,0,7.5,69,3,88,5.9,5,0,30
1,55,2,0,1,5.7,90,5,95,1.3,2,8,30
7,264,10,8,1,4,78,3,78,13.6,15,6,30
5,362,13,11,4,6,58,4,64,7.6,14,9,65
6,192,7,2,0,5.2,22,0,33,14.3,12,3,86
7,189,17,12,0,8.1,26,0,45,4.1,14,2,84
3,204,18,15,0,5.7,68,3,86,4.5,3,5,40
10,270,15,9,0,8.1,45,3,61,16.7,40,8,65
3,138,1,0,0,4,52,3,55,7,9,8,50
5,202,7,7,4,5.5,67,1,69,3,24,3,42
6,226,5,2,2,5.2,21,2,30,9.9,8,9,80
9,459,11,11,1,5.2,90,2,100,19.9,19,4,30
5,340,14,11,0,4.3,51,0,65,4.9,15,8,58
1,116,7,6,6,4.9,23,1,30,2.3,9,1,99
4,296,3,2,2,6.8,39,3,39,2.2,18,1,75
5,283,14,10,2,5.5,55,0,74,9.8,7,4,62
10,634,19,16,1,6.1,51,1,64,23.7,11,0,59
10,708,16,10,4,5.9,47,4,50,18.1,14,7,60
5,280,12,7,3,8.4,20,5,30,6.9,18,4,88
7,417,17,15,3,8.5,79,1,91,4.1,31,9,37
4,182,1,0,2,6.5,75,6,89,9.4,14,1,39
1,136,12,7,5,5.7,54,0,59,1.4,8,8,58
5,530,12,11,5,4.5,49,7,49,2.8,15,1,75
7,442,14,11,1,8.8,73,2,91,13.2,29,6,41
10,368,19,15,3,4.3,55,6,67,14.6,23,7,51
10,452,9,6,2,5.5,74,3,79,7.5,12,5,42
6,442,2,1,4,5.5,77,5,91,5.6,22,6,43
5,314,18,14,3,5.6,84,7,99,3.1,23,0,31
4,188,2,1,2,4.8,88,4,100,6.6,6,3,30
2,176,13,13,2,7.9,70,7,79,3.5,10,6,41
4,216,7,6,0,4.6,41,5,49,6,12,0,70
10,524,3,0,4,7.2,72,7,80,21.3,44,0,42
10,360,19,13,0,4.6,55,5,71,22.2,10,5,56
3,135,10,7,1,4.4,87,1,100,5.2,7,3,30
10,400,10,8,0,8.5,55,0,71,5.3,30,2,41
1,282,10,9,6,5,71,7,82,1.9,8,4,51
8,256,1,0,0,8.1,72,7,84,10.7,24,8,32
5,400,16,10,6,6.7,69,0,80,8.2,11,9,54
4,168,8,6,3,4.4,60,5,73,7.2,15,9,49
8,385,1,1,5,8.8,37,3,46,9.6,21,9,76
7,398,14,10,2,5.2,41,0,59,16.3,23,2,71
2,360,15,11,6,8.3,85,5,86,1.5,8,4,38
1,179,3,0,4,4.8,40,0,43,1.8,7,9,79
11,572,7,5,0,8.3,63,3,81,5.6,22,4,36
4,388,8,2,6,4.1,66,4,72,9.4,10,8,52
8,404,4,0,4,6.6,58,6,72,5.8,20,9,49
2,188,15,14,5,7.8,48,5,62,1.4,11,3,67
3,322,12,10,5,8.7,73,2,78,3.5,17,0,45
1,68,6,3,0,8.5,36,2,38,1.2,2,9,73
1,52,19,18,1,8.1,79,5,84,0.9,4,4,30
3,162,16,15,0,8.4,50,1,65,5,12,0,60
11,594,2,1,3,5,92,4,93,15.2,47,5,30
5,388,4,1,6,5.4,68,1,74,2.8,11,9,50
3,150,18,18,2,5.4,21,6,31,3.4,14,9,82
1,63,11,6,1,5.9,67,2,73,2.1,3,6,40
1,42,6,0,0,6,33,3,36,1.9,2,0,62
8,312,8,4,4,6.7,78,5,97,15.6,36,9,42
10,656,5,0,1,4.8,77,6,83,19,31,3,30
11,784,16,14,6,7.5,77,7,80,12.3,28,8,47
2,150,15,15,1,4.8,70,7,81,1.4,5,0,33
3,378,2,0,6,5.6,21,0,30,3.1,9,8,100
2,72,3,0,0,6.5,60,2,78,4.3,6,7,46
3,312,9,5,6,8,35,4,39,7.4,18,4,87
7,436,4,1,1,7.7,23,2,41,10.4,22,5,81
1,118,9,3,4,7.2,31,4,33,0.5,5,6,82
10,785,11,10,5,4.8,48,4,58,7.8,15,3,72
8,470,9,3,1,6.7,26,5,32,9.2,25,5,75
10,626,12,11,6,4.4,33,4,49,16.6,16,6,80
10,835,10,7,5,5.9,31,1,39,6.5,15,5,91
10,386,15,9,6,6.1,24,7,32,23.9,16,5,97
2,190,7,7,4,4.2,51,6,60,2.5,10,1,64
3,291,7,7,6,5.4,93,3,100,7,9,4,30
9,234,7,5,0,8.8,62,2,76,18.5,36,2,42
7,427,12,9,2,8.8,88,3,92,14.1,30,6,30
4,173,1,1,1,5.8,64,6,66,6.9,9,3,39
10,280,11,5,2,4.2,28,0,35,17.5,42,0,87
5,295,9,6,6,4.9,68,6,87,8.9,16,5,47
2,222,11,7,4,6,52,2,61,3.5,10,5,65
11,550,10,9,1,8.7,37,7,49,17.7,12,6,66
8,592,14,8,6,4.7,28,3,30,19.8,38,7,87
4,232,15,14,5,7.8,81,3,88,7.9,13,2,39
9,486,16,15,3,4.5,76,5,84,18.5,30,5,42
5,270,1,0,6,8.9,48,5,59,11.2,16,9,77
9,583,17,14,2,5.9,44,6,54,8.4,11,1,66
4,207,11,9,1,7.9,34,6,35,2.7,17,8,69
10,742,18,17,2,5.7,25,0,42,14.7,32,1,90
5,222,17,15,1,7.1,61,4,69,7.6,11,2,43
9,636,16,15,6,5,48,2,49,19.4,33,9,79
8,488,5,3,0,4.7,23,5,30,11.1,16,1,80
3,278,14,12,5,8.7,76,2,78,4.9,11,8,35
1,300,2,0,6,8.6,68,0,83,1.6,7,0,52
3,234,5,3,2,8.4,63,5,81,1.7,5,4,39
4,299,2,0,3,7.1,94,5,97,6.9,11,0,30
2,162,0,0,3,8,33,4,50,4.3,11,4,77
1,173,12,11,4,4.3,22,2,41,0.8,7,7,90
7,455,13,11,1,5.7,81,7,98,11.8,22,7,30
8,514,12,12,2,5.6,83,2,92,13.5,10,7,30
7,404,3,0,4,7.2,64,2,74,5.8,32,1,53
5,386,6,5,2,5.8,77,4,93,3.7,12,7,30
1,66,9,9,1,4.7,39,5,58,2.5,2,4,60
7,350,6,5,6,7,77,0,92,9,20,0,36
7,342,14,11,6,8.1,76,2,95,6.7,20,6,38
9,363,14,9,3,5.9,87,3,99,7.6,12,5,30
3,270,3,0,6,4.7,71,7,72,5.5,18,4,53
9,525,5,2,6,5,56,7,57,15.5,33,0,57
1,38,19,14,0,5.2,27,4,40,1.8,1,0,68
1,147,4,1,3,5.5,63,1,66,0.7,7,5,54
4,280,19,19,4,7.2,24,0,40,9.1,12,9,86
9,465,11,7,5,7,88,3,100,11.5,14,6,30
6,354,0,0,0,7.5,50,2,53,6.8,18,9,55
11,406,7,4,4,5.8,64,1,66,15.7,37,9,55
3,178,0,0,1,8.1,28,0,39,3.8,7,0,85
1,26,4,4,0,5,51,4,58,2.2,1,8,56
4,280,5,1,4,6.3,52,1,53,9.4,16,3,56
9,411,2,2,1,8,86,5,91,10,10,4,30
3,246,14,9,3,4.9,49,6,58,6.7,12,1,60
9,591,4,3,5,4.5,48,1,59,18.6,23,9,75
7,333,13,7,1,8.4,22,6,31,16.5,15,7,76
4,400,17,13,6,5.7,76,7,85,4,10,1,53
3,203,15,10,2,7.4,49,3,51,5,14,2,62
10,277,5,1,1,4.1,28,0,47,10.5,41,8,72
5,280,13,8,1,7.5,45,3,54,10.7,11,1,63
5,365,7,7,5,5.6,21,3,30,2.6,20,5,93
3,258,6,3,2,4.3,81,2,100,4.9,14,3,36
9,591,7,6,6,7,22,4,40,10.6,24,6,97
4,200,12,10,4,5.2,65,1,78,4.6,16,5,51
11,315,5,3,4,5.9,87,0,88,19.7,37,9,30
5,234,17,17,1,4.4,44,7,48,11,21,8,56
4,128,1,0,2,4.7,70,5,89,6.9,10,8,40
5,343,7,6,2,5.5,32,4,39,11,17,9,78
7,587,10,10,6,4.4,63,4,69,7.2,27,3,63
9,355,0,0,5,8.6,54,0,59,13.9,14,0,67
7,385,5,2,3,4,74,4,84,9.8,10,1,44
5,257,15,15,4,6.4,28,2,39,2.6,24,7,88
10,630,19,16,5,4.6,21,4,38,16.1,15,9,98
10,320,11,10,0,5.5,80,7,98,18.2,20,7,30
7,359,10,10,4,8.6,60,7,69,11.8,32,1,56
10,740,9,8,5,4.8,63,2,76,19.7,45,3,48
5,212,2,2,4,8.8,83,1,85,8.2,9,0,40
3,276,12,11,3,5,50,1,67,1.9,12,6,60
7,273,2,0,0,7.7,66,3,80,5.1,14,3,35
11,347,14,8,3,6.7,21,7,30,18.6,25,7,91
11,993,15,12,6,8.4,88,2,97,11.5,28,8,30
2,72,12,11,0,6.8,77,5,88,1.3,8,8,31
9,524,16,16,1,6.7,63,1,69,12.2,19,2,51
10,780,2,0,5,5,93,4,100,16.1,35,4,30
10,520,19,16,0,4.8,75,0,75,11.6,30,5,30
1,109,10,7,6,8.6,62,0,79,1.9,7,5,54
6,468,18,13,6,5.6,53,6,67,10.7,18,9,67
7,332,10,8,3,5.9,49,7,67,8.2,31,7,67
8,516,15,14,4,7.8,90,2,90,16.1,12,5,30
10,420,2,0,0,5.7,89,5,93,18,30,5,30
9,617,5,5,5,8.8,74,3,88,16,23,3,44
2,60,13,8,0,7.7,86,4,88,3.2,6,6,30
11,638,17,16,2,7,32,2,32,5.8,13,7,78
10,634,16,12,4,8.4,22,6,30,18.9,34,2,95
2,349,3,0,5,4.2,45,0,56,2.5,9,6,71
5,255,14,11,5,5.3,76,2,94,11.9,15,2,42
5,246,10,6,1,6.3,43,4,54,10.7,6,7,60
6,291,2,0,3,5.1,72,5,84,10.1,15,0,47
3,200,2,0,1,7.7,89,7,89,3,10,0,30
8,342,15,11,5,8.6,62,5,80,7.3,29,5,54
1,203,4,0,4,6.1,79,1,84,1.2,8,9,43
6,348,9,5,0,5.7,77,4,84,8.7,24,8,30
4,136,18,17,0,8.8,68,6,71,4.4,16,3,42
1,117,3,0,4,6.2,61,1,65,1.5,7,5,46
7,342,18,13,5,6.4,85,1,91,5.8,26,4,30
9,453,10,6,6,5.8,30,1,33,22.1,15,0,89
4,220,1,0,0,8.5,37,2,56,2.9,16,5,62
4,384,9,4,6,6.8,71,6,74,9.5,18,8,58
6,198,10,9,0,7.8,65,0,79,14,6,2,37
3,141,19,18,0,8.1,63,5,67,4.7,9,2,32
6,375,15,12,3,5.7,41,7,49,11.7,9,1,64
7,297,18,13,3,6.2,72,2,73,9.6,31,3,46
11,709,10,5,2,8.2,78,0,84,19.4,46,9,33
10,478,13,10,1,5.8,49,5,65,11.8,41,2,58
10,442,1,0,4,8,27,7,42,11,34,1,83
3,292,4,1,4,8.7,76,6,92,5,13,0,35
7,341,4,0,4,7.1,92,7,100,10.5,11,2,30
3,200,18,13,2,7.7,39,6,40,5,8,9,74
2,158,11,5,3,8,44,4,54,2.1,7,5,72
10,730,17,13,5,8.2,38,7,39,12.3,45,8,73
4,358,3,0,6,6,24,5,30,2.7,14,4,100
8,338,16,16,6,4.3,94,5,95,4.8,38,2,30
9,662,9,9,5,6,91,6,99,9.1,14,4,30
7,482,19,15,2,7.4,46,5,47,4.5,16,4,57
1,186,5,2,5,6.3,59,3,73,0.7,7,4,57
3,347,13,10,4,7.7,45,4,54,6.4,16,6,71
9,590,10,9,1,5.8,46,2,60,5.2,10,4,52
1,53,10,5,0,7.2,81,7,90,1.8,2,6,30
9,738,17,15,6,4.9,69,2,85,9.4,24,8,52
8,568,17,11,3,7.7,61,0,69,17.9,19,4,57
1,156,10,6,3,6.7,48,2,65,1.5,4,1,70
6,444,11,9,2,5,58,1,61,6.7,8,4,45
5,334,4,2,3,5.5,79,5,87,7.7,13,7,30
6,274,8,4,4,7.7,60,2,75,7.6,28,3,55
10,702,8,5,6,6.4,52,0,55,16.3,46,1,69
5,345,9,5,5,5.1,35,0,50,3.6,15,9,81
6,384,18,16,4,8.8,42,1,60,15,10,2,76
5,232,0,0,2,7.6,26,0,30,6.8,12,8,83
11,501,6,0,4,8.8,45,6,50,13.2,15,8,67
5,420,3,0,5,6.1,31,3,40,9.6,15,7,80
4,227,0,0,1,6.4,91,6,100,4.9,5,7,30
3,141,14,9,2,8.5,24,5,30,6.5,11,7,93
3,121,7,4,1,6.6,88,5,100,4.2,13,7,30
4,204,11,11,0,7.5,68,5,83,7.8,12,7,32
9,426,17,13,1,5.3,45,4,64,6.4,37,0,57
2,124,14,8,0,6.2,24,2,30,4.4,2,5,72
9,351,16,11,0,4.6,41,3,51,17.7,27,8,62
1,83,13,9,1,5,32,2,34,0.9,5,7,79
1,104,13,7,2,4,47,3,66,0.8,4,2,57
5,370,17,12,5,4.2,52,2,61,5.7,10,0,61
6,542,19,13,4,8.9,42,1,42,14.7,10,1,79
6,298,17,14,4,5.2,37,7,56,6.1,16,1,77
3,205,15,15,5,7.3,49,6,59,4.2,11,6,64
7,451,0,0,6,8.2,45,0,56,3.9,34,5,83
9,603,10,5,6,6.8,35,0,48,11.7,15,1,81
11,550,14,8,0,4.8,58,6,65,18.1,44,7,52
10,690,11,8,0,7.6,52,1,62,24.1,20,8,54
8,388,7,6,2,7,45,3,48,12.3,10,6,71
6,366,19,15,3,7.7,67,6,73,12.8,15,3,44
8,525,5,1,1,7.8,84,4,93,12.8,33,0,30
5,345,2,0,0,8.9,57,3,75,2.9,20,3,47
8,488,12,9,4,6.9,21,0,30,9,36,3,90
10,656,12,6,2,5.7,25,4,30,16.5,12,7,85
4,182,1,0,1,7.2,65,2,82,9.6,9,3,42
10,662,4,0,2,4.3,69,4,82,22.2,22,3,38
8,323,16,10,1,8.5,57,3,72,7.7,33,1,41
10,463,5,3,1,4.6,37,1,47,9.4,41,9,67
2,235,1,1,5,5.6,46,2,55,1.8,13,6,64
5,140,3,0,0,8.1,60,3,76,11.7,20,3,49
9,566,10,4,2,7,91,2,100,19.8,29,5,30
4,224,7,5,2,6,93,4,96,8.2,14,2,30
11,779,11,11,5,6.4,36,0,54,14.1,38,6,82
6,438,7,4,4,8.3,81,3,82,9.1,28,5,30
1,169,10,8,4,5.7,48,7,54,1.4,8,2,72
9,669,19,14,6,8.3,77,1,85,9.1,24,3,51
1,53,7,2,0,4.4,89,7,100,1.5,1,9,30
5,310,7,2,0,7.9,41,7,56,2.8,10,4,55
4,390,16,10,3,8.2,25,6,40,3.1,15,8,85
3,315,19,15,5,4.9,45,4,62,6.8,11,5,74
6,532,19,17,4,6.2,58,3,68,12,28,3,49
2,93,15,12,1,4.8,31,1,37,2.7,7,6,79
3,259,13,11,2,7.5,33,3,41,4.6,11,1,68
5,205,10,6,0,6.7,41,4,44,6.2,5,3,58
9,357,6,6,2,7.2,70,3,82,17.8,11,4,46
2,174,15,11,2,5,42,2,45,4.1,8,3,73
10,376,12,7,3,5.1,67,4,85,20.3,33,3,53
8,340,14,8,4,4.2,90,3,91,15.6,20,8,32
2,106,15,15,0,5.6,69,6,77,1.8,6,1,38
11,679,8,2,2,6.8,32,0,43,12.9,46,5,79
5,170,2,0,0,8.3,29,3,30,7.2,10,7,82
7,482,18,17,1,7.3,74,2,79,8.1,29,7,40
8,477,19,15,3,6.2,28,1,32,16.1,35,6,77
1,70,4,0,1,8.8,71,6,75,1.2,5,9,39
6,210,9,6,0,7.6,21,1,40,4.7,18,3,87
1,232,16,14,6,8.7,44,7,48,1.3,7,6,79
2,64,14,14,0,6.6,32,6,35,4.9,2,9,72
1,158,7,1,4,5.3,70,1,78,1,8,5,39
11,394,14,14,2,4.3,77,0,86,19,35,5,40
5,247,13,10,2,7.6,53,2,68,6.8,12,1,62
10,447,19,16,1,4.6,54,7,63,6.4,41,7,52
9,555,6,0,3,5.5,22,4,31,13.3,21,7,91
6,450,11,9,6,6.7,78,1,96,11.4,18,6,42
11,874,16,10,5,6.8,89,6,98,16.8,38,8,33
11,561,16,10,2,7,67,2,72,24.7,35,7,38
1,93,9,4,4,4.8,83,3,99,1.1,5,8,30
1,78,18,16,1,5.9,38,0,42,0.7,2,8,76
2,163,13,9,1,7.1,86,2,91,4.7,7,5,30
9,335,10,5,5,8.8,92,2,100,11.3,41,1,33
3,301,1,0,4,7.6,24,4,42,5,7,6,91
1,94,17,15,3,8.6,86,2,100,2.1,5,2,30
5,260,6,3,4,7.8,30,4,33,5.7,24,6,81
7,313,11,6,3,7,87,0,94,13.5,17,8,30
6,264,1,0,4,5,88,0,100,4.6,22,9,30
1,127,19,19,4,7.3,20,3,38,1.1,6,9,90
5,335,17,11,0,7.1,82,4,100,3.9,20,1,30
5,167,5,4,1,7,48,4,50,10.6,16,5,58
6,542,9,5,4,6.4,31,1,40,5.7,28,5,87
3,359,19,13,5,6.6,60,1,61,5.8,11,8,59
5,367,14,14,4,5.7,21,3,30,11.9,24,8,87
7,402,4,4,2,6.6,56,0,61,10.9,23,4,55
5,222,19,18,1,5,64,5,74,7.9,11,4,43
5,177,2,0,2,8,67,1,80,7.1,12,8,39
5,247,4,1,1,4.9,43,2,58,5.8,6,7,56
10,474,7,2,2,4.4,41,0,59,14.5,12,6,61
10,788,7,3,4,6.2,30,5,31,17.1,44,7,86
3,225,7,5,4,7.3,77,7,93,7.4,7,5,45
1,60,11,11,0,6.2,65,2,73,2.4,1,2,41
5,360,7,5,5,5.4,48,6,64,11.1,10,6,62
9,371,10,7,2,6.8,54,4,68,20.5,11,7,54
1,133,13,11,3,5.7,34,0,40,1.4,6,7,85
3,93,7,3,0,8.7,79,6,97,5.4,9,0,30
4,252,9,7,2,8.6,61,3,63,9.2,6,6,54
1,105,6,3,2,6.5,62,4,62,1.3,6,2,50
1,29,16,13,0,5.6,93,4,96,2.4,3,1,30
8,320,3,0,4,7.7,68,2,85,10.7,12,1,48
2,174,12,8,2,4.2,83,6,90,3.4,8,7,31
8,492,3,0,4,6.4,51,4,69,15.4,20,8,60
7,224,4,4,0,5.7,83,1,88,16.8,21,2,30
10,444,3,0,4,8.6,21,0,30,9.9,34,2,91
10,643,17,14,1,4.1,43,1,50,19.9,41,5,65
2,169,5,3,3,6.8,85,2,85,3.1,9,9,30
6,576,1,0,6,7.7,57,5,75,6.2,30,0,65
6,314,10,8,2,6.4,50,7,60,12.3,14,5,52
3,225,13,8,5,4.4,45,2,59,4.8,8,2,73
11,430,4,2,3,8.9,48,0,58,20,47,3,69
2,254,5,1,6,6.6,86,4,100,2.3,12,8,36
1,181,9,7,4,7.1,44,6,53,1.5,7,2,66
6,274,7,3,2,5.2,67,6,78,10.4,26,0,39
5,266,13,9,4,6.4,84,3,84,6.5,14,2,36
11,464,2,0,1,6.1,72,2,78,9.9,12,6,30
9,243,11,11,0,4.4,86,0,100,21.8,27,6,30
1,118,15,10,2,4.5,37,3,46,1.5,4,4,79
7,418,16,13,6,8.2,28,4,33,13.8,13,0,91
5,340,0,0,6,5.2,57,5,73,6.6,11,7,72
5,351,9,3,1,5,40,2,57,6.1,16,9,74
2,167,9,5,1,6.5,84,5,88,2.6,9,7,30
11,581,1,0,2,7.8,40,0,57,14.5,35,9,71
3,246,8,3,4,4.3,46,5,62,4.8,13,9,76
7,510,12,10,5,6.9,89,5,100,11.1,26,9,30
6,618,15,13,6,4.6,63,0,70,9,18,1,60
2,162,17,14,6,4.2,47,0,59,1.5,14,9,72
6,322,18,17,1,4.3,64,2,79,9,13,2,43
2,251,11,10,3,8.2,36,5,46,1.7,9,3,76
2,93,7,5,1,4.6,59,3,64,1.5,9,0,42
2,244,16,15,5,4.2,22,7,30,4.7,7,3,100
11,784,14,8,4,6.2,85,0,85,18.8,48,4,34
3,229,9,7,4,8.2,65,4,82,5.5,13,2,43
2,143,14,10,3,5.3,49,5,53,2.6,11,9,56
4,374,14,11,6,6.1,88,0,100,9.3,10,1,40
9,529,6,6,1,4.2,28,3,37,16,10,5,78
6,436,12,9,4,6.2,30,6,34,12.2,28,7,89
1,115,16,14,5,6.9,88,2,100,1.2,6,6,30
8,308,8,2,2,6.9,85,5,100,19.4,18,0,30
7,273,7,5,0,5.7,50,6,50,15,28,3,57
10,410,19,16,0,5.6,52,0,53,22.1,10,2,44
3,192,17,11,0,4.5,58,0,64,2.5,3,5,44
1,294,12,6,6,5.8,65,4,74,1,10,8,56
5,197,15,9,1,4.5,56,4,75,5.4,11,8,57
4,298,8,3,3,7.8,79,5,85,4.2,19,6,30
10,708,11,9,4,8.8,50,6,65,22.1,14,8,62
8,366,11,10,2,8.9,30,7,34,4.5,34,7,78
1,114,5,4,5,8.3,21,6,32,0.7,6,4,93
10,484,18,16,2,7,46,0,62,10.5,32,8,63
1,244,6,4,5,7.5,21,7,36,0.9,9,6,89
4,404,2,0,6,5.4,40,5,59,3.9,22,4,81
8,403,15,14,1,7.2,77,0,92,16.8,9,7,30
5,340,17,15,0,6.3,24,4,42,8.1,5,6,74
2,149,15,13,1,6.4,71,3,85,1,3,8,30
6,402,6,1,6,7.8,64,1,75,8.2,12,9,58
5,367,3,0,3,5.4,39,7,48,6.6,23,0,79
2,208,7,4,3,5.6,80,1,81,1.5,5,8,34
11,804,12,7,6,8.6,57,0,63,20.4,50,6,69
11,758,12,12,5,4.3,39,6,51,20.9,27,0,76
11,536,16,15,4,6.4,44,4,46,21.4,48,0,74
3,267,16,13,4,8.6,21,2,35,5.9,7,4,98
9,448,4,4,5,7.1,51,2,51,4.5,14,7,75
7,438,5,3,3,6.7,45,1,47,16.9,17,8,74
7,346,18,16,3,5.2,89,3,98,14.9,31,5,30
11,555,12,9,3,5.7,60,1,74,25.4,25,9,45
6,216,13,8,1,8.3,86,0,91,3.2,25,7,30
8,635,3,0,3,6.8,20,3,39,18.9,11,5,92
4,198,6,0,2,6.6,70,2,84,8.5,18,5,33
8,376,7,5,0,4.5,24,6,30,17.4,8,3,85
4,350,12,6,3,4.1,32,4,36,2.7,7,4,85
8,623,5,1,5,8.8,38,7,41,15.8,29,1,73
9,315,5,2,0,5.9,31,4,48,21.8,27,2,80
3,173,2,2,1,7,67,0,69,5.6,13,2,38
3,308,2,0,5,4.4,44,1,60,4.9,8,4,75
11,737,12,11,0,7.4,76,0,93,26.3,22,4,30
2,238,1,0,5,8.7,54,7,71,2.8,7,5,63
10,480,15,10,1,6.9,24,4,30,17,21,4,76
3,200,5,2,2,4.6,41,7,53,4.4,14,5,62
3,176,7,5,1,6.9,76,2,90,7.1,13,7,33
5,198,7,5,1,7.8,66,4,70,3.3,11,1,48
5,410,5,1,5,6,73,3,75,7.5,15,3,40
2,274,13,9,6,8.4,22,6,30,3.7,8,5,100
10,610,2,0,4,7.2,72,7,76,20.8,44,4,48
6,300,9,5,3,8.5,50,6,54,10,9,0,62
5,294,2,2,3,7.1,88,5,90,11.6,13,8,30
6,386,11,7,2,4.7,52,4,54,14.3,20,2,53
1,125,16,16,2,5.5,91,4,100,0.6,5,1,30
5,237,4,0,3,5,69,6,86,6.5,18,8,37
9,539,19,14,4,8.5,35,5,54,4.9,22,6,86
10,540,8,3,3,7.8,58,3,61,11.6,13,4,59
2,388,19,19,6,7.4,65,1,65,3.1,14,5,58
1,181,6,3,4,5.5,66,7,81,2.3,6,3,48
10,546,3,0,2,4.9,63,7,70,21.9,32,0,41
11,737,12,9,0,7.8,28,4,44,8.3,11,3,78
9,754,12,10,5,6.4,69,6,76,6.2,41,8,48
10,750,9,9,6,5.1,79,0,85,16.8,46,0,39
9,327,17,11,6,7.1,34,4,41,14.1,24,9,93
9,417,16,11,2,4.2,55,0,66,9.3,20,2,57
6,344,19,18,2,5.6,82,3,97,13.8,26,4,34
8,451,19,17,1,6.3,88,4,99,18.8,33,6,30
11,732,12,9,6,4.7,60,7,78,14.4,39,8,56
1,82,16,11,1,8.9,93,6,100,2.3,5,5,30
10,702,3,3,1,5,43,3,49,12.7,21,2,67
4,396,0,0,5,4.7,68,3,79,7.9,9,6,50
1,100,0,0,1,5,37,1,56,1.5,4,3,64
8,304,14,8,4,7.8,26,4,30,6,28,2,92
1,183,12,11,3,6.1,23,0,38,2.4,7,6,89
3,120,16,13,0,6.8,88,0,96,4.2,3,6,30
4,204,7,5,2,4.1,79,4,85,7.9,14,3,37
8,268,17,11,4,4.2,74,5,93,9.9,20,6,38
6,408,12,12,0,6.2,35,1,48,3.2,24,1,69
10,446,13,12,6,8.1,48,1,58,7,26,0,77
7,309,7,7,6,8.4,42,1,48,10.4,34,1,77
8,332,7,2,6,4.4,33,0,42,15,30,3,96
2,136,14,10,4,6.7,68,3,76,2.3,12,7,51
10,800,12,10,4,8.6,52,6,55,18.9,14,2,67
11,723,6,6,2,5.9,44,5,59,20.9,24,9,58
8,493,4,1,3,8.1,40,7,49,15.3,11,5,73
3,223,16,11,1,4.7,36,1,54,4.5,7,5,74
7,484,15,10,6,8.7,42,0,58,16.3,20,8,79
3,421,1,0,5,7.8,76,0,84,4.4,17,8,34
7,448,17,12,3,8.7,77,7,89,9.8,24,3,40
11,479,16,13,5,7.4,33,3,33,9.9,38,8,92
2,130,6,6,2,5.8,39,7,40,2.2,4,5,76
10,698,12,10,2,8.7,49,4,61,5.8,42,1,52
6,360,17,12,2,5.4,38,4,46,10.6,20,9,79
3,153,13,8,0,5.7,72,6,78,3,6,5,35
3,238,17,14,5,7.5,75,7,90,3.3,11,1,49
9,666,12,8,3,7.8,42,6,60,18.4,39,7,77
7,364,10,6,3,8.6,81,1,87,8.1,10,3,38
5,225,15,9,4,5,52,6,57,4.9,24,4,56
10,652,16,11,4,8,37,1,54,8.4,14,7,86
7,550,7,7,6,7.7,92,5,100,14.3,34,7,31
9,766,18,16,4,4.3,52,6,62,6.8,22,5,62
1,102,19,14,2,5.9,51,3,62,1.4,6,3,52
7,327,14,13,3,5.4,80,1,89,10.6,24,0,35
6,301,8,6,5,5.5,73,3,85,11.2,23,6,52
10,466,19,13,2,8.9,36,0,47,17.7,42,7,78
9,342,9,5,0,7.2,38,1,47,19.1,9,8,72
1,146,11,6,4,7.6,89,0,100,0.6,5,1,34
4,210,19,16,2,8.9,53,2,70,4.4,10,0,58
9,393,0,0,2,5.9,44,3,47,9.5,20,3,73
4,160,19,14,0,8,87,2,91,3.2,4,4,30
10,589,8,2,1,6.2,93,1,97,10.8,41,9,30
3,120,14,14,3,8.3,93,0,100,3.4,9,0,30
9,517,0,0,5,4.9,30,1,32,13.9,14,4,93
2,296,11,5,6,8.7,35,2,42,3.7,8,5,78
4,145,2,0,1,5.1,80,7,81,5,17,2,30
6,292,10,10,4,5.6,26,7,43,11.6,22,6,95
2,164,1,0,2,7.8,35,1,43,2.3,4,5,72
8,272,15,15,0,6,35,5,47,8.6,16,3,74
8,384,8,8,0,7,59,4,65,12.7,32,2,45
1,116,14,13,3,6.2,31,2,40,0.5,7,4,86
3,187,11,10,1,7.7,54,1,62,2,13,2,49
10,832,0,0,6,5.1,40,0,54,13.4,36,9,86
9,648,12,6,3,4.3,69,1,73,21.5,30,8,46
5,291,13,9,2,5.5,62,7,73,9.7,12,8,49
6,417,7,6,3,6.4,36,0,36,4.1,15,5,69
4,337,7,2,5,4.8,51,4,62,8.8,21,5,59
10,450,11,9,0,5.8,60,1,65,19.6,20,3,42
2,68,0,0,0,6,25,6,43,3.4,2,3,83
11,826,10,10,4,4.3,46,7,64,23.5,37,1,69
8,376,7,7,4,6.9,39,6,54,10.5,36,9,69
11,831,9,6,6,8.4,44,4,62,10.4,50,3,73
6,308,18,14,2,4.8,85,2,87,9.1,8,7,30
5,300,10,7,5,7,28,0,37,8,10,9,97
9,297,6,5,1,7.3,72,6,89,14.2,10,1,41
1,136,10,7,3,6.1,80,5,92,1.6,4,8,36
5,523,16,16,6,7.5,57,2,74,12,26,0,70
6,248,0,0,2,6.1,22,0,30,13.8,20,1,79
5,299,7,5,4,6.5,89,7,91,11.3,19,1,30
6,390,5,0,3,4,74,7,85,12.6,9,5,35
6,518,17,16,4,7.5,20,7,39,14.3,16,6,100
7,328,5,2,3,7.3,89,4,95,4.9,31,2,30
4,124,4,4,1,4.2,64,6,71,4.1,13,8,48
11,586,12,6,2,5.8,66,7,74,16.4,13,4,43
8,551,18,13,3,8.9,45,3,58,17.5,19,4,61
7,573,7,6,5,6.1,33,7,37,10.6,19,3,86
9,642,8,8,6,6.5,73,1,91,18,15,8,56
7,301,16,12,0,8.5,90,4,100,5.4,28,7,30
3,345,2,0,5,7.6,65,0,76,3,14,3,59
3,304,18,14,5,6.9,50,0,53,5.9,11,3,60
8,482,10,8,6,8,78,0,85,6.6,30,1,45
5,230,16,13,0,8.3,48,0,54,6,15,8,63
4,327,18,17,5,6.3,36,1,50,4.1,13,2,78
8,666,1,0,3,6.4,33,2,38,9.6,11,3,77
6,303,7,5,3,5.9,55,5,59,11.5,15,6,63
2,216,18,16,3,8.8,77,3,90,2.5,7,9,30
4,248,6,4,0,7.5,43,1,55,6.4,16,7,66
11,670,16,11,5,4.4,82,0,91,7.7,38,7,32
4,240,5,5,0,8.3,44,1,61,8.4,4,3,62
6,288,18,17,3,6.4,78,4,81,7.4,21,6,30
6,624,5,2,6,4.3,51,5,58,10.8,18,9,64
1,205,1,0,5,6.7,37,0,47,2,6,0,81
8,592,5,1,5,6.1,56,3,72,7.4,13,5,62
6,418,4,2,4,8.4,45,0,62,13.6,10,5,68
3,206,18,12,4,5,28,5,38,5.2,7,5,80
9,482,19,17,1,8.1,83,3,98,12.2,37,1,30
2,90,3,1,2,6.8,91,5,100,1.7,4,7,30
11,863,16,10,4,4.3,39,3,51,26.2,26,4,80
8,456,10,7,0,8.9,73,2,88,16.1,32,4,38
10,582,3,0,4,6.6,49,6,49,9.2,24,1,63
3,128,12,12,1,5.5,72,2,87,3.5,7,3,30
5,205,19,13,5,6.3,82,1,96,10.6,20,8,30
6,278,16,11,1,8.3,30,1,35,11.3,7,8,76
10,610,8,7,5,5.5,50,7,61,20.3,15,5,72
6,414,3,0,6,5,68,3,75,8.3,18,8,52
4,384,13,13,6,4.6,38,7,44,7.7,10,3,87
3,219,18,15,5,5.5,31,7,32,3.8,17,0,93
4,210,2,0,2,7.9,34,0,45,3.7,14,1,77
1,175,13,8,4,6.4,50,6,63,1.8,5,0,68
4,132,7,2,0,5.1,62,4,77,9.8,4,7,46
1,50,0,0,0,4.8,56,4,66,1.1,4,8,42
1,145,9,8,3,5.7,48,0,67,1.4,6,9,56
10,360,17,14,5,8.7,45,0,53,18.5,45,5,68
6,204,15,12,0,5.7,21,2,30,9.5,12,1,82
5,181,7,2,2,8.9,34,4,50,10.9,12,5,76
11,472,0,0,5,6.4,23,3,34,22.3,16,8,90
4,332,11,10,2,4.9,69,5,74,2.5,14,2,40
11,594,7,6,0,8.5,57,7,75,27.5,22,8,50
3,207,15,11,0,6.3,42,1,52,6,12,1,64
1,144,17,11,3,7.5,78,7,86,2.2,5,4,36
6,246,3,0,0,8.9,94,7,99,10.8,12,1,30
2,278,5,1,5,4.3,47,5,62,4.4,13,6,74
8,566,11,11,6,4.5,85,2,100,5.8,14,9,43
10,840,8,2,5,7.6,27,4,42,12,35,8,87
5,360,14,13,5,5.4,48,7,53,11.3,10,6,73
7,422,15,14,3,4.9,30,6,34,6.3,31,4,84
10,422,11,5,3,4.2,37,0,40,6.6,23,3,75
2,106,13,12,0,4.1,74,6,75,4.2,6,3,30
8,500,12,8,1,7.9,69,6,74,17.4,9,9,45
2,121,1,0,1,4.7,33,4,41,1.7,9,7,78
4,288,2,0,3,6.3,93,3,100,8.8,11,9,30
1,34,9,6,0,7,28,2,41,1.9,2,9,83
5,183,8,3,1,6.1,30,7,36,7.7,6,9,75
9,540,19,17,0,4.1,82,7,100,19.4,36,9,30
1,30,7,3,0,7.9,86,7,86,1.3,2,9,30
9,450,9,8,0,4.1,72,0,91,8,18,0,31
11,356,18,12,4,7.8,58,5,72,11.8,37,4,51
8,719,2,0,5,8.5,75,3,92,12.1,21,1,43
6,378,4,0,0,6.2,47,5,49,9.4,6,8,63
7,541,2,0,4,6.7,94,1,100,14.8,32,6,30
3,117,15,15,3,6.4,58,2,59,6.2,15,9,47
1,88,16,15,1,5.9,44,3,53,1.7,4,7,67
5,375,14,14,5,8.4,40,3,50,10.3,25,5,83
2,174,2,1,6,8.5,29,7,31,1.8,8,8,84
5,341,11,7,1,5.7,62,5,68,3,11,5,51
8,694,8,5,5,7.1,34,0,41,18,29,6,90
11,779,11,6,6,8.6,67,1,85,7.2,50,6,60
9,408,14,9,1,8.8,40,7,57,8.9,28,8,69
2,251,1,0,5,6.5,79,7,91,3.8,11,7,46
3,160,17,11,1,6.3,69,7,81,4,13,0,42
3,217,19,19,1,5.4,42,5,60,6.8,10,3,70
1,171,11,6,6,8.8,32,3,43,1.1,10,6,95
8,446,3,0,1,4.7,88,2,100,4.2,9,7,30
6,310,15,12,1,6.9,23,3,34,6.6,25,6,76
8,736,15,9,6,5.4,91,4,100,13.2,22,2,30
11,843,0,0,3,5.4,28,2,39,13.8,47,3,85
9,486,1,1,0,6,54,7,72,14.1,18,6,43
5,302,2,0,2,9,40,2,53,11.3,17,7,77
3,248,19,14,4,4.3,77,3,83,7,16,6,37
5,205,16,12,2,6.9,37,0,49,5.2,12,5,67
5,357,19,13,2,4.4,91,7,96,7.1,22,8,30
5,410,0,0,5,4.8,62,2,80,8,25,8,57
3,114,19,16,0,6.2,25,4,43,7.2,12,6,70
11,459,5,0,5,6.6,86,5,89,27.5,16,7,30
10,400,14,10,0,5.3,31,0,49,9.7,20,5,64
4,400,13,10,6,5.6,31,0,39,7.8,10,0,98
9,609,19,14,6,4.4,85,0,100,11.3,15,0,44
10,660,14,13,0,5.5,21,2,30,5.2,20,5,80
9,484,13,11,1,8.8,34,0,39,4.7,37,1,78
2,128,4,0,3,8.7,42,3,49,2.8,5,7,74
8,266,5,3,1,5.7,48,0,63,11.8,9,0,51
8,604,16,15,3,6.9,26,4,30,4.4,11,1,90
